name,rating
Keith Berland,2.6
Marina Cooley,4.8
Shaunna Donaher,4.5
Michael Carr,3.0
Tamara Medina,3.3
Huw Davies,3.2
Sam Wunderly,3.4
Waldman Irwin,3.8
Jake Jo,5.0
Antonietta Di Pietro,2.3
Shankar Ramachandran,4.9
Chikako Ozawa-de Silva,4.4
Pat Brennan,4.4
Matthew Baker,4.6
Tanine Allison,4.6
Karl Schuhmacher,4.5
Niket Jindal,2.0
Steve La Fleur,2.9
Hau Nguyen,4.5
Keith Easterling,2.2
Chris Hansman,5.0
Clifford Carrubba,1.8
Allison Burdette,3.7
John Lindo,4.7
Amin Pouriyeh,3.1
Isabelle Meyer-Ensass,5.0
Katie Condon,5.0
Andrew Kazama,4.7
Tom Smith,3.9
Hashem Dezhbakhsh,4.3
Tao Zha,4.3
Eric Reinhardt,3.3
David Davis,3.2
Jan Barton,2.6
Holli Semetko,2.6
Olivia Johnson,4.7
Paul Bhasin,4.4
Karlie Rodriguez,5.0
James Kindt,3.4
Kristen Broehl,2.9
Kevin McAlister,4.8
Owen Alldritt,4.4
Ken Mandelberg,1.7
Huy Huynh,4.8
Ronald Young,5.0
Jing Wang,4.3
Wenxin Liang,4.7
Jordan Anunike,5.0
Tracy Morkin McGill,4.0
Allison Kays,3.8
Rebekah Spera,4.7
Jack Paine,2.9
Katherine Ostrom,4.1
Alex Dunbar,3.0
Daniel Bosch,3.9
Eric Reinders,4.1
Ana Teixeira,4.3
Sara McClintock,4.9
Maja Taskovic,2.9
Patrick Cafferty,3.8
Jeff Byrne,3.1
Michael McCormick,2.7
Yuki Wang,4.2
Jenny Medina,5.0
Douglas Mulford,2.3
Thomas Bing,4.8
Jong Kim,3.1
Michelle Lampl,2.5
Frank McDonald,3.3
Daniel Dilks,3.6
James Nagy,4.6
William Gilders,3.7
Tian Chan,3.5
Saloni Vastani,3.8
Jared Medina,2.7
Andrea Hershatter,3.5
Insuk Jang,1.0
Crystal Sanders,4.4
John Darges,3.5
Andra Gillespie,3.0
Liana Yepremyan,3.0
Christian Gallichio,5.0
Garrett Waters,4.5
Dieter Jaeger,2.3
Axelle Karera,1.5
Devaka Premawardhana,4.9
Yasmine Bassil,5.0
Kathy Forte,5.0
Daniel LaChance,4.2
Rune Nyord,4.1
Perrine Gaudry,4.0
Bree Ettinger,2.9
Anna Errore,3.9
Alejandro Becerra,4.8
Robert Goddard,3.9
Kevin Crowley,3.6
Jason Eklund,4.9
Stephen Crist,5.0
Arber Tasimi,4.7
Reshma Shah,4.3
Kathleen Campbell,2.9
Vojtech Rodl,4.0
Yuk Cheong,4.0
Levi Morran,4.6
Jason Francisco,3.4
Federico Mandelman,2.6
In-Koo Cho,0.0
David Edwards,3.8
Gary Laderman,4.6
Richard Himes,4.3
Jin Kim,3.7
Jennifer rieser,2.0
Scott Kugle,4.2
Martine Delcroix,2.6
Adriana Chira,4.8
Robert Liu,2.9
Maeve Howett,1.3
Michal Arbilly,3.9
Musa Ayar,4.4
Craig Hill,2.8
Maho Ishiguro,2.1
Donald Lee,3.1
William Wuest,4.2
Alessandro Veneziani,2.7
Brian Vick,4.1
Emma Davenport,4.4
Ruoxuan Xiong,4.8
Karida Brown,3.0
Josephine Tolin,5.0
Katherine McKnelly,1.6
Davide Fossati,3.7
Jay Mayfield,5.0
Andrew Mitchell,4.9
Hugo Mialon,4.5
Arri Eisen,4.4
Melissa Yang,2.9
Cassandra Quave,2.9
Ellen Idler,3.5
Gregory Martin,1.5
Gyanendra Pandey,1.0
Abhishek Ananth,3.0
Kaiji Chen,3.3
Shashank Shekhar,4.4
Susan Gagliardi,3.3
Erica Britt,4.6
Elizabeth Pastan,4.7
Melvin Ayogu,2.1
Allison Cuttner,2.2
Jiwon Kim,1.5
Bomi Lee,4.4
Mingji Dai,4.6
Kashika Singh,2.0
Talea Mayo,3.1
Timothy Holland,4.1
Abbey Julian,4.4
Eladio Abreu,3.1
Sergei Urazhdin,2.8
Steve Savage,3.7
Mizuki Mazzotta,5.0
Sheila Cavanagh,3.1
Danilo Freire,3.5
T. Cooper,3.8
Teddy (Kyungmin) Kim,3.8
Robert Roth,2.6
Molly Epstein,2.8
Charles Goetz,5.0
Insuk Jang Jang,1.0
Shiv Subramaniam,4.8
Yuanzhe Xi,4.7
Jose' Soria,4.4
Elaine Johnson,5.0
Joseph Manns,4.2
Neha Gupta,4.8
Ofra Yeglin,3.2
Stefano Maranzana,5.0
Erica Kanesaka,4.8
Barbara Ladd,3.3
Michael Rich,3.6
Aubrey Graham,4.2
Anqi Hu,2.5
Zhiyun Gong,3.1
Catarina Fernandes,4.1
Andreas Zufle,5.0
Julianne Chung,4.7
Nate Silverblatt,2.7
Miguel Reyes,3.6
Jeff Staton,4.0
Marco Tezzele,1.9
Patrick Allitt,4.1
Tamar Menashe,1.3
Steve Ahn,3.4
Donald Tuten,4.4
Caleb Kelley,2.6
Alexis Mayfield,4.5
FNU Darsono,4.0
Wenjun Gu,3.6
Iain Shepherd,2.7
Taina Figueroa,5.0
Donny Zhao,4.9
Rohit Chakraborty,4.4
Carl Suddler,4.0
Riti Bahl,5.0
Francesco Brarda,5.0
Dionne Nickerson,5.0
Ho Jin Kim,4.1
Courtney Brown,2.7
Apala Bhowmick,3.6
Vincent Conticello,2.5
Hector Alvarez,4.1
Pamela Brown,5.0
Alexander Escobar,2.9
Hubert Tworzecki,4.2
Jasmine Clark,2.7
Asha Stephens,5.0
Simon Blakey,4.4
Linette Park,4.5
Edward Nam,4.9
Antonio Brathwaite,4.8
Courtney Freer,4.5
Tsepak Rigzin,4.8
Hayk Harutyunyan,2.0
Sam Cherribi,4.0
Michael Reinhard,4.0
Shaily Parihar,2.5
Wanda Csaky,2.5
Jacobus De Roode,4.6
Angela Porcarelli,4.3
Monika Raj,4.3
Shahima Islam,1.0
Jennifer Frediani,5.0
Michelle Armstrong-Partida,2.6
Jie Yao,4.2
Meredith Schweig,5.0
Sandra Blakely,4.2
Ryno Kruger,4.2
Harold Gouzoules,3.3
Deborah White,4.4
Hong Li,5.0
John Kim,4.4
Heesun Yoo,3.6
Elizabeth Goodstein,3.7
Zitong Pei,2.7
Yana Bromberg,1.8
Jane O'Connor,5.0
Leonardo Molinari,4.5
Steven L'Hernault,4.2
Klaas Baks,3.9
Emily Burchfield,5.0
Dan Abitz,4.8
Renard Sexton,4.8
Cesar Sierra,3.6
Paloma Moyano,2.7
Megan Reed,3.6
Kiela Crabtree,4.3
Eric Battaglioli,3.2
Jonathan prude,4.4
Brent Glenn,5.0
Astrid Eckert,4.4
Daniel Westbrook,4.6
Vivian Yue,3.6
Amanda Freeman,3.4
Shilpi Mandal,4.2
Andrew Kaplan,2.3
Nikki Graves,2.8
Ju Hyun Park,4.8
Robyn Clarke,4.7
Lance Gunderson,3.7
Carl Yang,4.3
Mandy Suhr-Sytsma,4.4
Ashlee Bledsoe,3.5
George Staib,4.8
Tarun Chordia,3.3
Abigail Julian,4.9
Elena Glazov-Corrigan,4.8
Krzysztof Karbownik,4.5
Beretta Smith-Shomade,2.3
Pamela Hall,5.0
Ian McCarthy,4.3
Patton White,4.4
Phillip Wolff,3.6
Tianshi Xu,4.6
Ethan Heyboer,5.0
Peter Little,3.3
Benjamin Yellin,5.0
Emily Wall,5.0
Rachel Hamilton,2.3
Wei Jin,5.0
James Rilling,3.1
Robert Hampton,3.4
Ruby Lal,2.1
Kristin Williams,1.2
David Zureick-Brown,4.5
Mikhail Lepilov,1.4
Hillary Rodman,4.0
Walter Kalaidjian,3.7
Tiphanie Yanique,4.7
Pazit Kahlon-Shelnutt,5.0
Jill Welkley,4.8
Brigitte Tsobgny,1.5
Erica Craig,5.0
Angela Tharpe,5.0
Nikola Johnson,3.0
Daniel Estrada,5.0
Peter Wakefield,4.8
Vera Proskurina,4.8
Julio Medina,4.5
Stephen O'Connell,3.6
Julie Clennon,3.5
Jinyu Liu,5.0
Gregory Zinman,5.0
Emily Bianchi,4.3
Matthew Weinschenk,4.6
Tracy Scott,4.8
James Morey,4.4
Julian Currents,4.9
Achille Castaldo,4.6
Lucas Onisk,3.3
Heather Christle,4.2
Skye Comstra,4.4
Katherine Rosenblatt,3.7
Sarah McPhee,4.1
Vincent Bruyere,5.0
Irene Browne,3.3
Karen Stolley,4.8
Julia Bullock,4.1
Oleg Proskurin,4.7
Marcela Benitez,5.0
Jadon Adams,5.0
Kemal Budak,4.8
John Stuhr,4.3
Catherine Nickerson,3.6
Juan Villeta-Garcia,3.4
Louise Pratt,4.7
Stacy Lafley,4.9
Deependra Singh,3.0
Christine Ristaino,4.9
Marjorie Pak,4.8
Anthony Martin,4.6
Judith Miller,3.8
Margaret Jones,4.3
Julia Tulke,5.0
Shanna Early,2.0
Laura Ackerman,4.0
Cosmin Pohoata,5.0
Erin Bonning,4.8
Michael Peletz,4.2
Shanshuang Yang,3.2
Elena Cholakova,4.9
Harshita Kamath,4.4
Matthias Chung,5.0
Jeffrey Mullis,4.0
Cristy Tower-Gilchrist,3.0
Maria Arbatskaya,3.8
Sagit Shaked,4.8
Nahomi Ichino,2.2
Angela Harris,5.0
Bin Xu,3.4
Ishanika Sharma,3.7
Ryan Hamilton,2.7
Lisa Dillman,4.9
Lars Ruthotto,3.4
Frank Lechner,4.7
Craig Hadley,4.5
Robert Bartlett,4.3
Craig Perry,4.1
James Pellerito,5.0
Eric Bulakites,4.8
Maxwell Auerbach,5.0
Jeffery Lesser,4.0
Josephine Bou Dagher,4.0
Yami Rodriguez,5.0
Merida Batiste,4.3
Patrick Pender,5.0
Kate O'Toole,2.6
Melissa Williams,4.3
Nichole Powell,1.3
Philip Brankin,2.3
Steve Walton,2.8
Michaelangelo Grigni,3.9
James Hoesterey,4.7
Sara Culpepper,2.3
Andrea Roeser,3.8
Kristin Phillips,4.8
Dominique Lewis,2.0
Carol Anderson,5.0
Chris Beck,3.6
Paul Kelleher,3.6
Yun Kim,3.4
Maria Sibau,4.8
Benjamin Reiss,4.5
Martine Brownley,4.3
Cheng Hsu-Te,4.5
Ellie Schainker,3.5
Subha Xavier,4.0
Gonzalo Vazquez-Prokopec,4.4
Samantha Wrisley,5.0
Myoung Eun Pang,4.3
Megan Cole,3.3
Jonathan Master,4.8
Douglas Bowman,3.1
Donna McDermott,2.4
Xinxin Yang,3.1
Omar Quinonez,4.6
Katie Leinenbach,3.0
Raphael Ribeiro,4.0
Usha Rackliffe,3.2
Claire Nouvet,4.3
Jane Foley,4.6
Jimena Martin Tempestti,3.5
Elijah Zehyoue,5.0
Megan Mucioki,4.0
Cordell Donofrio,2.8
Jessica Wahman,4.2
Daniel Reynolds,4.9
Yanna Yannakakis,4.6
Yiran Wang,4.1
Jasmine Clark,2.0
Vincent Ciavatta,3.4
Jeehwan Lee,5.0
James Turner,5.0
Jennifer Feldman,4.8
Dorian Arnold,2.5
Andreas Fritz,3.6
Michelle Gordon,4.5
Andres Fritz,3.6
Andrea Dittmann,4.5
Minsu Kim,2.1
Elizabeth Kim,4.4
Nosayba El-Sayed,4.5
Rachel Hall-Clifford,4.8
Jianxin Zhao,4.6
Nesar Uddin,4.2
Nikki Graves,3.5
Zachary Bowersox,4.6
Cynthia Willett,3.4
Vanessa Brown,2.8
Jodi Guest,2.0
Kimberly Wallace Sanders,1.9
William Mann,4.5
Dustin Peone,4.6
Hiram Maxim,4.7
Julia Ruck,5.0
Sergio Gárate,1.0
Jessica Barber,4.9
Marshall Duke,5.0
Elva Gonzalez-Hernandez,4.7
Ren Tan,4.7
JT Pynne,5.0
Jinho Choi,4.0
Benjamin Miller,5.0
Didem Uca,5.0
Alicja Podbielska,5.0
Raphael Riberio,3.5
Marina Magloire,2.5
Alissa Bans,3.9
Wesley Longhofer,5.0
Paul Buchholz,4.8
Maryam Khaqan,1.6
Brian Dyer,4.2
Patti Landerfelt,2.8
Zachary Peskowitz,4.4
Valerie Babb,5.0
Emil' Keme,3.0
Elyce Strong-Mann,3.0
Yao Wang,5.0
Jose Boigues,4.4
Cristina Tarazona,4.1
Pamela Scully,4.4
Caitlin Hargraves,4.4
Rylie Johnson,4.8
Dilek Huseyinzadegan,4.0
Sasha Debevec-McKenney,5.0
Gordon Berman,3.0
Sydney Spangler,1.0
David Barba,4.0
Lauren Christiansen,4.4
Devin Stewart,3.9
Jacqui Brown,3.5
Idit Ben-Simon,4.8
Lynne Huffer,4.9
Gehane Shehata,4.2
Eve Rosenzweig,3.9
Jad Nasrini,4.0
Aizhan Anarkulova,2.3
Caroline Fohlin,3.0
David McMillon,4.4
Johanna Montlouis-Gabriel,4.0
Shomu Banerjee,4.1
Imon Banerjee,2.5
Fernando Valverde Rodriguez,5.0
Idowu Ajibade,4.0
Corey Brill,5.0
Rose Deighton-Mohammed,5.0
Frank Gaertner,5.0
Elizabeth Newman,4.8
Jose Binongo,3.2
Astrid Prinz,3.7
Elizabeth Noell,4.9
Katherine Taylor,4.8
Linda Merrill,4.0
Kelli Lanier,2.9
Manuela Manetta,3.8
Brianna Yamasaki,4.8
Xiao Huang,5.0
Alex Avramov,5.0
Lori Teague,3.0
Jeff Epstein,3.8
Donna Maney,4.0
Joy Osmanski,5.0
Luiz Santos,4.6
Ajit Srivastava,4.8
Sharon Strocchia,4.4
Eric Lonsdorf,4.0
Tonya Smalls,1.4
Benjamin Jordan,1.3
Joshua Jayasundara,1.0
Deanna Womack,1.0
Matthew Payne,4.5
Rohan Ganduri,4.6
Megan Massa,4.8
Andrea Fitzroy,5.0
Laura Nenzi,5.0
Gillian Hue,3.3
Ali Cohen,3.4
Ebony Respress,1.1
Justin Burton,3.3
Charles Olney,3.8
Eric Bulakites,4.3
Geoffrey Levin,4.5
Nikki Toombs,2.0
Niall Slater,4.7
Will Travers,3.5
Sorin Huh,3.7
Nargis Virani,3.9
Nicholas Valerio,3.5
Roberto Franzosi,3.2
Wladimir Benalcazar,2.5
Michael Evenden,4.2
Nicole Gerardo,4.8
Violeta Espigares,5.0
Dan Reiter,4.2
Eri Saikawa,2.9
Carrie Keogh,3.2
Janeria Easley,3.0
Paul Moon,4.6
Sara Botto,4.7
Emily Master,4.9
David Hirshberg,2.7
Matthew Wells,4.5
J. Lichtman,1.0
Hossein Amiri,5.0
Hsu-Te Cheng,4.4
Alexander Escobar,2.9
Adriana Mendez,5.0
Evan Saltzman,4.6
Cathryn Johnson,5.0
Clifton Green,4.6
Maria Montalvo,4.0
Rohan Palmer,4.1
Timothy Dowd,4.9
Gonzalo Maturana,3.4
Liang Zhao,2.9
Karl Kuhnert,4.8
Everet Smith,5.0
Joyce Ho,2.9
Hossein Samei,4.6
Sue Mialon,3.5
Michael Prietula,2.2
Benn Konsynski,3.0
Richard Berlin,5.0
Chang Su,2.0
Noelle Giguere,5.0
Davi Cordeiro Moreira,2.3
Samuel Sober,4.6
KC Diwas,4.0
Matthew Bernstein,4.3
Jinsook Kim,4.0
Tetyana Balyuk,1.9
Brendan Montagnes,3.6
Bin Wei,3.3
Sameena Mulla,3.5
Kim Loudermilk,4.0
Laura Catano,2.5
Danielle Jung,4.1
Eugene Agichtein,2.9
Roger Deal,3.6
Ana Vieyra-Ramirez,5.0
Michelle Wright,4.5
Bernard Krumm,3.7
Jitendra Thakur,5.0
Robert Wyttenbach,3.4
Megan O'Neil,4.5
Nancy Bliwise,2.7
Nicole Yang,2.9
Elizabeth Lonsdorf,3.6
Lisa Lee,4.4
Cassandra Estep,3.9
Mike Lewis,4.9
Matt Lyle,5.0
Elaine Walker,3.3
Nikolay Osadchiy,3.9
J. Alex Grizzell,4.6
Michael Berger,4.6
Bill McKinnon,1.0
Bronwynn Tarr,1.0
Noelle McAfee,4.6
Tonio Andrade,4.8
Elena Pesavento,3.9
David Gorkin,4.2
Debra Spitulnik Vidali,4.3
Jeffrey Rosensweig,3.0
Heeju Sohn,5.0
John Wegner,3.7
Sandra Descourtis,5.0
Kayla Ibarra,5.0
Michael Chiddo,5.0
Elissa Marder,3.3
Jasmine Camero,5.0
Joslyn Gardner,4.0
Mary Grace DuPree,5.0
Katrina Dickson,3.5
Chris Suh,5.0
Jed Brody,4.5
Helena Pachon,2.1
Jona Braden,3.0
Dana Haugaard,5.0
Peter Hoeyng,3.9
Celia Campbell,1.0
Yisroel Cahn,4.8
Ross Knecht,4.4
Hazel Gold,2.8
Hwisang Cho,5.0
Nick Sturm,5.0
Michele Schreiber,5.0
Rajiv Garg,4.6
Kelvin Kan,4.4
Mary Mann,5.0
Daniel Fershtman,5.0
Mingke Tian,3.3
LG Thomas,2.8
Jason Cabitac,5.0
Jack Barlow,5.0
Eric Nelson,4.8
Vicki Powers,3.3
Kristin Wall,5.0
Simona Muratore,4.5
Eric Brussel,3.5
Colin Xu,5.0
Mary Lynn Owen,3.6
Cheryl Crowley,3.7
Persephone Hernandez-Vogt,4.7
Molly Zuckerman,2.0
Ken Anderson,4.2
Gregory Catellier,1.0
Michelle Andrews,2.8
Wei Wu,4.7
Hernan Feldman,4.0
Joel Silverman,2.3
Wang Mark,3.0
Judd Owen,3.2
Andrew Ward,4.5
Thomas Lancaster,4.2
Ben Wilson,5.0
Weihua An,3.4
Kathleen Leuschen,4.1
Sonal Nalkur,4.4
Greg Palermo,3.0
Chirissy Wang,4.3
Xixi Yu,3.5
Eugene Emory,1.8
Daphne Schechter,4.8
John Johnston,2.2
Laura Asherman,5.0
Deepanshu Verma,4.7
William Kelly,4.2
Brian Gravely,3.0
Bwesigye Mwesigire,5.0
Chad Cordova,4.5
Teelin Lucero,3.2
Marcelitte Failla,5.0
Bryce Frederickson,4.0
Zheng Fang,5.0
Daniel Parker,5.0
Christina Gavegnano,4.5
George Yancy,4.8
Juliette Apkarian,3.6
Em Nordling,5.0
Susan Tamasi,4.2
David Lynn,3.4
Brajesh Samarth,4.5
Peter Bing,3.5
Ellen Gough,5.0
Kurt Warncke,3.6
Michael Heaven,3.0
Miriam Udel,4.6
Shun Yan Cheung,4.5
John Patty,5.0
Cameron Pratt,5.0
Khalid Salaita,3.5
Katherine Davis,4.4
Andrew Kobin,3.4
Juan Estrada Sosa,3.7
Beth Reingold,2.2
Anna Grimshaw,3.8
Jeremy Bell,4.9
David Morgen,4.3
Sean Meighoo,4.3
Lobsang Negi,4.1
Kristin O'Neal,5.0
Esfandiar Maasoumi,2.9
Joseph Crespino,4.4
Bernard Fraga,5.0
Calvin Warren,4.4
Mahmuda Sharmin,2.7
Philip Kragel,3.3
Alexander Bolton,4.4
Lisa DuPree,3.1
Gregory Berns,4.0
Eric Goldstein,2.8
Joe Sutherland,4.3
Suhas Sridharan,4.3
Seth Goss,3.1
Michael Owens,3.2
Angelika Bammer,4.7
Karen Hegtvedt,3.8
Guangqiu Liang,3.0
Dwight Andrews,3.2
Hannah Griggs,4.8
Tyler Tennant,5.0
Todd Cronan,3.5
Willie Hurst,5.0
Rkia Cornell,4.7
Daniel McCarthy,5.0
Jessica Sun,5.0
Frank Voigt,5.0
Aaron Putt,5.0
Nelson Lind,2.1
Jennifer Gandhi,3.2
Kimberly Belflower,5.0
Paul Lennard,3.7
Brenton Boyd,5.0
Guangchen Chen,3.0
Ariel Lawrence,4.4
Lukas Ovrom,4.0
Scott Garner,5.0
Rachelle Spell,3.2
Souad Kherbi,4.4
Richmond Embeywa,5.0
Stephan Hamann,4.1
Larry Wilson,4.0
Timothy Sun,1.8
Tracey Brent-Chessum,4.0
Rachel Sutton,5.0
Chinmay Kulkarni,1.3
Anmol Sahni,4.0
Vaidy Sunderam,3.3
Geraldine Higgins,3.4
Kristen Williams,1.0
Laura Finzi,1.9
Vilma Todri,3.8
Loren Mortimer,1.0
Julien Dahan,5.0
Jeff Rummel,3.6
Margy Adams,5.0
Hugh Cohen,3.8
Chris Eagle,4.3
Joseph Skibell,3.1
Irene Brown,4.3
Walter Rucker,4.7
Jason McLarty,4.4
Michael Treadway,4.5
Mark Fagiano,4.5
Julie Schwartz,3.3
Nirmalya Thakur,4.9
Cynthia Blakeley,5.0
Diedrich Stout,4.3
Alix Chapman,4.8
Brett Gadsden,4.0
Francesco Evangelista,2.4
Alyasah Sewell,3.2
Barbara Lawatsch-Melton,5.0
Deepika Bahri,4.5
Erika Hall,4.8
Levin Arnsperger,2.0
Rustom Antia,4.0
Sima Ahsani,2.6
Christopher Merwin,5.0
Erwin Rosinberg,4.9
Dennis Liotta,3.5
Walter Reed,3.8
Sa'ed Atshan,4.7
Caroline Owens,5.0
Stu Marvel,5.0
Christina Crawford,4.8
Suyun Choi,4.7
Bradley Elliott,4.7
Shel Swenson,2.4
Daniel Weissman,2.5
Jessica Dugan,3.6
Gregory Sasso,1.7
John Witte,4.2
Taehyun Kim,4.0
Yu Lin,4.0
Aubrey Kelly,4.9
Philippe Rochat,3.1
Stella Lourenco,4.4
Mitch Murray,3.3
Bumyong Choi,4.3
Wen Loh,5.0
Difeng Cai,4.3
Yawei Liu,2.5
Lucy Wallitsch,5.0
James Callahan,4.8
Justin Esarey,3.3
Ariana Brown,3.0
Dwight Duffus,4.3
Kaelin Cook-Powell,3.8
Kadji Amin,5.0
John Lysaker,4.6
Daniel Coppeto,4.9
Melissa Cox,4.8
Leila Rieder,4.7
Lei Fang,4.3
Weirong Guo,5.0
Elizabeth Wilson,4.4
Peter Roberts,3.3
Steve Del Visco,5.0
Joe Conway,4.5
Don Seeman,4.3
C. Campbell,3.7
Wisdom Takumah,5.0
Minami Hyodo,5.0
Rika Nakano,3.1
Raquel Belden,5.0
Bruce Knauft,3.2
Timothy Messen,3.0
Begona Claveria,4.7
Myra Woodworth-Hobbs,3.8
Gary Vestal,5.0
Peter Wilkin,5.0
Justin Short,3.7
Scott Blanck,4.5
Ruixue Zhang,3.4
Nicole Vega,4.0
Kaushik Mukhopadhaya,1.8
Mikhael Epstein,5.0
Joe Camoosa,4.0
Ryan Hobbs,5.0
Christoph Herpfer,4.3
Kent Still,3.3
Berry Brosi,3.4
Matthew Lyle,3.0
Conor McNally,4.0
Yoojin Cho,5.0
Cassidy Puckett,3.2
Alexandra Manta,3.2
Marion Tricoire,4.0
Daniel Sussman,5.0
Laura Hunt,5.0
Adrienne Ivey,4.0
Yuichi Asano,5.0
Kieth Easterling,2.9
Ilya Nemenman,3.6
Alejandra Franco,5.0
Mark Risjord,5.0
Nathan Lee,5.0
Donald McManus,4.5
Robyn Schiff,4.6
Lisa Paulsen,4.5
Tyler Thomas,4.8
Hank Klibanoff,4.2
Gregory Gabriel,4.5
Nathan Suhr-Sytsma,4.0
Sarah Wolber,1.5
Allen Tullos,4.2
Debjani Sihi,4.7
Jasminka Ninkovic,4.0
Katherine Harrington,4.5
Cynthia Michota,2.0
Li Xiong,5.0
Brandy Hughes,5.0
Ben Miller,4.0
Roselyne Gerazime,4.8
Yidan Zhang,1.0
Steve Visco,5.0
Dave Gorkin,5.0
Ninon Vessier,5.0
Nathaniel Silverblatt,5.0
Yukari Shinagawa,4.8
Martin Van der Linden,3.8
Todd Qualls,5.0
Jeffrey Yelton,2.6
Dana Catherine,4.8
Jared Millson,4.5
Laura Otis,4.6
Alison Cohen,4.5
Ian Wagner,5.0
Roxani Margariti,4.2
Suresh Venapally,4.3
Sarah Markowitz,3.3
Lukas Ovrom,5.0
Nikolay Koposov,4.6
Erin Sells,2.2
Nathan Lee,5.0
Elaine Penagos,5.0
Matthew Gunning,2.0
Thomas Flynn,4.9
Keith Robinson,4.0
Rhiannon Evangelista,3.2
Kelsey Bohlke,4.0
Matthew Segall,4.0
Daphne Norton,1.7
Rebecca Stone,4.9
Marta Jimenez,4.4
Kelly Duquette,4.8
Jesse Bockstedt,4.7
Seunghwa Rho,4.4
Thomas Abelew,2.0
Emily Banks,4.5
Michael Cerchia,5.0
Tesla Cariani,5.0
Rob Barracano,4.0
Joseph Fritsch,4.9
Jareema Hylton,1.3
Kevin Corrigan,4.4
James Melton,4.6
Sun-Chul Kim,3.5
Elinore Darzi,4.3
Anne Corbitt,5.0
Levin Arnsperger,5.0
Andrea Warmack,5.0
Jackson Morrow,4.0
Daniel Waggoner,3.8
Nicole Guidotti,3.0
Aryabrata Basu,0.0
Kristen Frenzel,4.1
Sean Dolan,4.8
Aaron Mayer,2.5
David Howard,4.7
Maya Marshall,4.3
Yolanda Franklin,1.3
Samuel Chang,1.0
Justin Hosbey,4.5
Yu Tian,3.5
John Heemstra,4.5
Christina Tzeng,4.9
Jay Shanken,4.0
Ruixuan Liu,2.9
Sara Saba,4.3
Kenneth Hornbeck,4.7
Jericho Brown,2.4
Jeffrey Busse,4.5
Savannah Post,1.0
Umberto Mignozzetti,4.3
George Luber,4.0
Vincent Bornert,5.0
Melvin Konner,3.5
Juan Rubio-Ramirez,3.2
Cynthia Patterson,2.7
Seba Boersma,3.5
Katie Schank,3.5
Donna Maney,3.4
Michael Page,4.0
Axel Presas,4.7
Sarah Harsh,3.9
Natalia Bueno,3.0
Belen Pueyo-Ibanez,5.0
Christoph Breunig,2.2
Irving Martinez,2.3
Lauren Highsmith,5.0
Monica Garcia Blizzard,3.7
Caroline Warren,4.7
David Borthwick,4.2
Joey Reiman,3.1
Paul Weiss,1.8
Jane Hershman,5.0
Rosy Kandathil,3.7
Michelle Schreiber,4.5
Blake Allison,3.7
Lauren Klein,4.0
Lynne Nygaard,3.0
Katia Koelle,2.6
Xingjian Li,1.2
Peter Brown,3.7
Tressie Cottom,4.8
Gabriel Houck,5.0
Sergio Delgado Moya,1.0
Ymir Vigfusson,4.5
Nicholas Llewellyn,3.6
Francis Ittenbach,4.0
Timothy Albrecht,4.9
Michael Sullivan,4.2
Ken Ono,4.5
Alisha Bhimani,4.0
Dylanger Pittman,2.6
Michael Lucker,2.0
January LaVoy,5.0
Travis Sanchez,1.0
Bill Kelly,4.4
Brooke Ullery,5.0
Xochitl Marsilli-Vargas,5.0
Wei Huang,5.0
Connie Roth,3.9
Cynthia Guo,5.0
Ana Fauri,4.8
Emily Gade,5.0
Meina Yates-Richard,4.0
Tongil Kim,2.8
Morgan Ward,2.5
Judd Owens,3.3
Juan David Chacon,2.0
Leah Roesch,4.2
Arnaud Tcheutou,4.0
Carrie Wickham,3.9
Mikhail Epstein,3.6
Alexander Clifton,3.6
Jose Quiroga,2.8
Makiko Safigan,5.0
Tara Myers,5.0
Justin Haynes,3.0
Makenzie Fitzgerald,3.0
Mariana Candido,5.0
Horigan Ann,1.0
Robyn Fivush,3.7
Zeling He,4.0
Zhongjian Lin,4.0
Cecile Janssens,5.0
Sabrina Marcano,5.0
Alan Abramowitz,2.4
Kristian Blaich,4.9
Kirsten Travers-Uyham,5.0
Jareka Dellenbaugh,4.0
Thomas Rogers,4.4
Stephen Nowicki,4.0
Dustin Mengelkoch,4.6
Caroline Schaumann,5.0
Donghyun Jeong,4.0
Karen Ton,4.9
Avani Wildani,2.6
Saman Najmi,2.0
Rebecca Shasanmi Ellis,5.0
James Lu,5.0
Christina DePasquale,4.8
Julianna Watson,4.5
Carlos Ballesteros-Ruiz,4.7
Kristin Wendland,4.1
Whitney Easton,3.8
Ben Yonas,4.0
Margaret Matthews,4.3
Anne Hall,3.5
Michael Crutcher,4.1
Salmon Shomade,2.8
Lynn Bertrand,4.5
Jess Libow,5.0
Vishwanath Seshagiri,5.0
Austin Boese,4.0
Andrew Plattner,5.0
Laura Heath-Stout,5.0
Angelica So,4.1
Sarah (Sadie) Warren,5.0
Deborah Lipstadt,3.9
Warren Shull,2.1
Eric Tanenblatt,5.0
Anthony Healey,2.7
Jorge Lizarzaburu,4.5
Ahmed Siddiqi,4.5
Inyoung Chae,3.0
Joonna Trapp,5.0
Marcelo Sales,4.7
Cassie Gonzales,4.5
Sahar Voghoei,1.4
Changzheng Liu,5.0
Christopher Keyes,4.4
Teresa Davis,4.8
Abigail Droge,5.0
Kate Hawks,4.5
John D'Amico,4.2
Brandon Wicks,4.1
Craig Womack,3.3
Kyle Tanaka,4.3
Thomas Gillespie,5.0
Le Chen,2.5
Chip Frame,3.5
Karen Bergmann,4.0
Valérie Loichot,4.4
Deborah McFarland,4.0
Eric Weeks,5.0
Tim Lian,2.9
Ren Li,4.7
Sophia Leonard,3.5
Narasimhan Jegadeesh,4.6
Kirsten Widner,5.0
Alena Alamgir,3.4
Tim Cooper,2.0
Elena Antoniadou,2.4
Janike Ruginis,4.8
Bas Peters,2.0
Binna Kim,3.2
Katharina Aignar,5.0
Sherryl Goodman,2.9
belen Ibanez,1.0
Robert Morton,4.8
Isabella Alexander-Nathani,4.9
Adam Fristoe,4.7
Rui Gao,3.8
Nathan Jui,3.5
Bernardo Andrade,4.5
Ted Rodgers,3.4
Jennifer Sarrett,4.7
Sean Dolan,4.6
Anthony Healy,3.0
Anita Corbett,5.0
Deboleena Roy,2.5
Falguni Sheth,3.3
Michael Miller,2.4
Mi Luo,2.4
Prema Gandhi,3.7
Carlos Zorrilla,5.0
John Ammerman,4.3
Olga Turner,3.0
Bradd Shore,3.3
Connor Larsen,4.7
Jeffrey Morrison,4.5
Corey Keyes,4.0
Andrii Arman,5.0
Vincent Cornell,4.3
Adam Glynn,5.0
María Carrión,3.0
Kathryn Amdur,3.2
Stefan Lutz,3.9
Kim Wallen,4.0
Longmei Shu,1.3
Scott Lilienfeld,4.3
Chris Rider,4.0
Diego Rojas,5.0
Richard Hermes,5.0
Ines Gonzalez Casanova,3.1
Jeremy Weaver,3.8
Chenghong Liao,5.0
Matthew Rankin,5.0
Jack McDowell,3.7
Mark Leidner,4.7
Navid Hashemi,4.4
Mona Ray,2.0
Lilia Coropceanu,4.8
Daniel Sanchez,3.6
James Nance,3.0
David Jacho-Chavez,3.0
Carla Moreno,1.5
Laura Plantinga,2.0
Charlie Michael,4.5
John DAmico,5.0
Harvey Klehr,4.3
Anna Horakova,4.7
Leslie Taylor,5.0
Dawn Barnes,5.0
Qiao Deng,1.0
Marianne Lancaster,4.9
Bracht Branham,2.7
Gene Gettler,5.0
Sarah Connolly,3.0
Alicia Rodriguez,4.2
Eric Reynolds,5.0
Bayo Holsey,1.0
Donald Verene,4.3
Meleah Hickman,1.0
Lawrence Benveniste,2.7
Rachel Kolb,4.7
Tracy Yandle,2.3
Alexander Mendes,5.0
David Ferris,2.9
Steven Batterson,2.3
Livia Corsi,1.7
Judith Evans-Grubbs,3.5
Adam Forrester,5.0
Barbara Strock,3.4
John Duncan,4.2
Amanda Starnes,4.8
Robert Kelly,5.0
Catherine Fullarton,3.5
Shannon Garland,2.0
Leonard Carlson,3.1
David Fisher,4.7
Camille Cottrell,5.0
Anthony Cooke,3.0
Deborah Ingalls,5.0
Sujeong Choi,5.0
Charles Ferris,4.1
Jia-Chen Fu,3.3
Wenwen Guo,1.5
Josh Maxwell,5.0
Patrick Herald,4.8
Ryan Cook,2.9
Christine Perkell,3.8
Anca Doloc-Mihu,3.5
Sergio Salazar,3.5
Vanessa Siddle Walker,1.8
Dorothea Coblentz,4.9
Sheila Tefft,3.2
Jessica Thompson,4.0
Melissa Pinto,2.8
Rebbecca Kaplan,4.7
Fade Eadeh,3.0
Brent Meyer,2.0
Richard Doner,5.0
Rebecca McGlynn,3.7
Karl Hagen,2.0
Daniel Shehnar,4.5
Rafael Mendoza,4.0
Michael Moon,5.0
Thomas Walker,4.5
Katherine Howard,5.0
Gordon Streeb,3.1
Michael Vaughn,5.0
Todd Preuss,3.0
Susan Bredlau,4.5
William Tolbert,5.0
Ben Hary,4.4
Matthew Lewis,4.0
Garth Tissol,4.8
Tara Doyle,3.6
Darryl Neill,4.0
Bonna Wescoat,4.7
Sangeun Lim,4.0
Susanna Widicus Weaver,2.8
Allison Louie,4.9
Sara Edwards,3.5
Cassie Hendrix,3.0
Anandhi Bharadwaj,2.8
Sofia Guzzetti,3.0
John Kim,5.0
Noriko Takeda,4.2
Allal El Hajjam,3.8
Oliver Randall,3.7
William Curatolo,5.0
Carolynn Accardi,4.0
Umesh Gangishetti,3.4
Jessica Cook Hale,5.0
Sally Radell,4.0
Melissa Owen,5.0
Brandon Fain,4.0
Justin Shaw,2.9
Benjamin Twagira,4.3
Munia Srabanti Bhaumik,4.6
Shamim Nemati,3.0
John Pothen,5.0
Robert McCauley,4.1
Harumi Miyake,4.3
Eric Choi,3.9
Whitney Ronshagen,5.0
Bobbi Patterson,4.8
Shai Cohen,4.3
Xuan Chen,2.6
Alessandro Barone,1.0
Melinda Robb,4.2
Madeline Locus Dawsey,5.0
William Wright,5.0
Benjamin Hertzberg,4.7
Ryan Gibson,4.0
Rebecca Roberts,4.0
Alyssa Duck,4.2
Marko Geslani,2.7
Michael Marberry,4.2
Tzvetana Rakovski,1.0
Aruni Mahapatra,4.0
Robert Schneider,4.8
David Civitello,5.0
Joon Chung,4.5
Jonathan Crane,4.4
Vincent Murphy,3.2
Takafumi Yamaguchi,4.3
Sabino Kornrich,4.0
Allison Roberts,5.0
Jay Schwartz,5.0
Yu Li,3.5
Nieves Prados,4.3
Bruce Levin,2.0
William Gruber,5.0
Andrew Stewart,5.0
Kiera Allison,1.0
Kenneth Stein,4.3
Lindsey Grubbs,5.0
Eric Rottman,2.5
Jenny Chio,4.2
Richard Talman,4.0
Yifeng Zhu,3.0
Barry Yedvobnick,4.8
Kalpana Narayanan,5.0
Sahar Hassanin,3.3
Zainab Delawalla,3.3
Hannah Markley,4.5
Sharon Weiner,4.7
Willaim Kay,4.0
Victor Corces,4.3
Mark Bauerlein,3.4
Christopher Lirette,4.4
Kevin Lucas,4.8
Sumit Mishra,1.0
Tehila Sasson,3.0
Jung Hoon Lee,2.5
Sheila Tschinkel,2.0
Frederick Marcus,4.3
Carol Worthman,4.3
Alex Viguerie,4.3
Tory Vornholt,5.0
Reuben Sass,4.3
Sara Bledsoe,5.0
Youness Elbousty,5.0
Gray Crouse,4.0
Fredric Menger,2.3
Dawn Peterson,2.0
Liv Nilsson-Stutz,4.3
Tianquan Lian,2.0
Glenna Brewster,2.5
Frank Alexander,4.4
Chang Meng,2.0
Jim Grimsley,3.8
James Kinney,5.0
Heather Julien,4.5
Cameron Lee,2.3
Adrian Jaeggi,3.8
Reda Mansour,5.0
Billie Jean Collins,2.2
Jennifer Meeks,5.0
Jeffrey Davis,4.7
Leah Williams,5.0
Hanne Blank,4.3
Irem Ebeturk,5.0
Richard Prior,4.6
Lauren Mattioli,5.0
Morgan Vaughn,5.0
Mary Sevier,3.8
Aaron Graham,4.5
Vernon Robbins,2.3
Velcheru Rao,4.1
Ashley Watts,5.0
Amy Aidman,2.3
Theophus Smith,1.9
Susan Crosson,3.4
Gregg Orloff,4.5
Melissa Pirkey,4.2
Sujit Shrestha,5.0
Nagueyalti Warren,2.4
Rachel Parrish,3.0
Osman Nemli,4.7
Michele Benzi,4.0
Jireh Holder,5.0
Emily Leithauser,4.5
Rachel Dudley,1.0
Ursula Goldenbaum,3.5
Jehu Hanciles,1.0
Hilary Gopnik,4.2
Maria Garcia Prados,5.0
Aaron Shepherd,5.0
Paul Bruno,3.6
Edward Owens,3.6
Natasha Trethewey,4.9
Edward Owens,2.8
Aya McDaniel,4.1
Mukasa Mubiromusoke,5.0
Lucilla Pan,3.0
Sissel McCarthy,3.0
Margaret Callahan,4.0
Ariel Fristoe,5.0
Eriko Nishizawa,5.0
Zachary Ludington,4.7
Valerie Summet,4.0
Samy Wu,4.0
Grace Pownall,3.7
Jagdish Sheth,4.0
Rick Doner,4.8
William Size,4.9
Gina Gallois,4.0
Lawrence Barsalou,3.3
Patricia Marsteller,2.0
Edouard Wemy,3.1
Hilary King,3.0
Frans De Waal,2.3
Fereydoon Family,3.5
Mark Norfleet,4.2
Leigh Allen,3.9
Maria Fernandez-Santos,4.4
Elizabeth Alexander,5.0
Eyal Tamir,4.8
Robert Agnew,3.9
Ingrid Meintjes,5.0
Eilaf Egap,3.0
Madison Elkins,5.0
Hao Huang,3.0
Roshni Patel,4.0
Nauzet Alvarado,5.0
Terri Ades,3.1
Shozo Yokoyama,2.0
David Pratt,2.5
Eddy Von Mueller,4.3
Tracey Laird,4.0
Demetrius Lewis,1.0
Madelyn Houser,5.0
Mark Ravina,4.1
Kieran Moore,2.5
Angel Martin,5.0
Molly Brodak,4.3
Leslie Real,4.6
Irina Zaitseva,3.2
Nick Fotion,3.8
Rick Rubinson,3.2
James Rosenfeld,4.8
George Gordon-Smith,4.3
Merle Black,4.5
Hazem Ziada,1.0
Justine Liepkalns,2.9
Reed Gordon-Sarney,4.2
Malachi Black,4.3
Christopher Scarborough,4.8
Ellen Anderson,4.5
Benjamin Tovrog,3.4
Gordon Newby,3.4
Marion Creekmore Jr,5.0
Dalia Judovitz,4.0
Kevin Brennan,4.5
Victor Manuel Aricheta,5.0
Ning Yu,3.5
Troy Retter,3.4
Walter Adamson,3.8
Wan-Li HO,4.7
Donna Troka,4.6
Paul Hooper,4.9
Elliott McCarter,4.5
Vialla Hartfield-Mendez,4.5
Joel Reynolds,4.0
Margarita Zabelina,5.0
Andrew Francis,4.5
Cory Andrew Labrecque,4.9
Dennis Goginsky,4.3
Holloway Sparks,3.9
Alison Heslin,4.5
Dianne Diakite,4.8
Gil Avramovich,4.3
Jamie Davis,4.7
Melissa Waller,5.0
Phillip Thompson,3.0
Nick Block,5.0
Otto Lenhart,4.8
Tina Colvin,4.8
Kui Deng,4.3
Kathryn Miner,4.3
Thomas Remington,3.9
Christopher Palazzolo,3.3
Marlo Starr,5.0
Kristin Mann,4.5
Janice Akers,4.8
Karen McCarthy,4.6
Megan Warnock,5.0
Ronald Gould,2.5
Regina Werum,4.0
Julia Haas,5.0
Vladimir Oliker,3.0
Quyen Phan,5.0
Karla Oeler,3.0
Eilaf Ahmed,2.5
Ann Massey,3.5
Jessica Fuller,4.5
Maria Aslam,2.3
Melissa Hackman,4.3
Whitney Peoples,4.8
Robert Martin,3.0
William Black,1.6
William Ransom,5.0
Monica Kiewit,4.5
Martin Riu,5.0
Jonathan Goldberg,2.5
Boyi Yang,3.5
Christopher Moller,4.0
Trexler Proffitt,3.5
Paul Rubin,4.3
Ke Wu,4.7
David Cook,4.0
Rebecca Kumar,4.0
Seunghyun Song,4.7
Natalie Merrill,5.0
Amanda Clemm,3.8
Robert Torre,4.5
Sarah Richards,4.0
Sabrina Sidaras,4.2
Shlomit Finkelstein,4.5
Susan White,4.3
Jason Shepard,4.8
Manish Tripathi,4.3
Leandro Gryngarten,2.3
Lauren Matthews,2.4
James Roark,5.0
Samuel Timme,1.0
Frasier Harbutt,4.1
Tim Halloran,4.3
Leroy Davis,2.7
Steven Pittz,4.6
Micheal Giles,3.6
Richard Patterson,3.8
Latika Lagalo,3.9
Randy Fullerton,4.8
Brandy Simula,4.2
Rui Zhao,3.5
Naama Harel,4.8
Sarita Alami,5.0
Nicholas Jones,3.0
Claire Laville,3.3
Julia House,4.5
Fred Helenius,5.0
Gloria Jirsaraie,3.8
Robyn Banton,4.0
Ilia Dichev,5.0
Sung Mo,3.1
Jordan Johnson,4.0
Adele Lopez,1.0
Justin Andrews,3.8
Ronald Calabrese,3.4
Mary Odem,4.8
Stefan Boettcher,4.0
Stephanie Iasiello,3.8
Chris Marshall,4.8
Audrey Magre-Burba,5.0
Mzwandile Ginindza,2.7
Roopika Risam,5.0
Benjamin Krakauer,2.5
Judy Raggi Moore,3.7
Vic Anand,4.7
Amy Elkins,4.8
Michelle Parsons,4.7
Shannon McClintock,3.8
Alex Hicks,2.1
Tilman Klumpp,3.6
Peggy Barlett,2.8
Fernando Esquivel,4.3
Reginald Little,1.3
Mika Yamaguchi,5.0
Elena Conis,4.8
Melody Siegler,1.9
Rizvana Bradley,4.8
Erin Suzuki,4.8
Victor Larsen,4.8
Timothy McDonough,5.0
Oded Borowski,2.5
Joseph Cadray,2.6
Xue Wang,3.6
Kris Knisely,5.0
John Malko,2.4
Cora MacBeth,4.9
Ricardo Gutierrez-Mouat,3.1
Esther Simons Weinberg,5.0
Joyce Flueckiger,4.8
Starra Priestaf,3.7
William Ekins,4.3
Karla Passalaqua,4.6
Justin Gallivan,3.4
William Yoo,4.5
Jennifer Holzman,4.8
John Boli,4.3
Darrell Stokes,3.3
Kevin Young,3.5
Breno Schmidt,5.0
Samantha Allen,4.8
Melvin Rogers,3.3
Sarah Calcutt,1.0
Perry Guevera,5.0
Randall Strahan,5.0
Steve Everett,5.0
Amin Erfani,4.8
Jiening Pan,1.0
Stephanie Rodgers,4.1
Cody Smith,4.5
Wendy Farley,4.5
Harry Rusche,4.8
Luke Postle,3.7
Sergio Gutierrez Negron,4.6
Paul Wrayno,1.4
Mari Webel,4.3
Sarah Stein,5.0
Brian Campbell,5.0
Ran Sun,1.0
Sarah Stein,3.3
Jeffrey Freeman,4.5
Casey Cochran,4.8
Christopher Gilson,3.9
Timothy Harfield,2.0
Carla Freeman,2.3
Robert Desrochers,3.8
Katherine Williams,4.5
Paul Courtright,2.1
Yoshiaki Furui,5.0
Ashley Darcy Mahoney,5.0
Carolyn Clevenger,5.0
Kellie White,1.0
Teri Marin,5.0
ED Craighead,5.0
Tongsoon Lee,4.8
Alyssa Stalsberg,3.9
Scott Stewart,4.9
Ryan Garibaldi,4.3
Shuai Zheng,1.0
Amanda Pendleton,4.3
Bret Katzman,4.0
Jaroslaw Slawinski,2.0
Katharine Schweitzer,4.9
Richard Williamon,3.7
Mary Grabar,2.3
Woody Hickcox,3.5
Neha Ahnju,2.5
Tetyana Molodtsova,5.0
Kaori Harada,3.0
Brian Croxall,4.5
Rebecca Clark,1.0
Lynn Maxwell,4.0
Keren Ayalon,5.0
Kate Yeager,4.3
Sarah Gouzoules,3.1
Judith Rohrer,3.0
David Armstrong,4.7
Michelle Manno,4.8
Harmony Neal,5.0
Christine McCulloch,3.0
Susan Bredlau,5.0
Ulester Douglas,4.5
Margaret Keneman,4.5
Dorothy Fletcher,4.8
Adrian Austin,2.9
Martin Shapiro,4.3
Teresa Hopkin,0.0
Laura Namy,3.9
Sara Ward,3.9
Zizhang Tong,5.0
Larry Taulbee,2.4
Victoria Finnerty,2.1
David Bell,4.2
Amanda Rogers,4.3
Jennifer Orth,4.0
Tom Clark,3.0
Domenico Crudo,4.5
Luca Bonomi,2.7
Kate Woeber,4.5
Charles Williams,5.0
Kelly Del Campo,4.0
Anna Finkel,2.5
Robert Phillips,4.0
Rachel Bowser,4.9
Qing Chu,3.8
Edward Glowienka,4.5
Crystal Edmonson,1.5
Cynthia Counts,3.5
Aaron Abrams,5.0
Katrin Jomaa,5.0
Jong Kwan Lee,4.3
Umberto Villa,3.0
Susan Janiszewski,3.8
Ana Solano-Campos,3.5
Jessica Grosholz,5.0
Liz Waldman,4.0
Sean Wempe,5.0
Yumiko Nishi,4.5
Hernando Bermudez,3.5
Rosario Vickery,3.5
Sandy Jap,5.0
Usha Nair-Reichert,3.7
Sermin Gungor,5.0
Kaz Miyagiwa,4.0
David Frisvold,4.8
Aidan Downey,4.5
George Armelagos,3.7
Chanel Craft,4.5
Sean Thomas,3.4
Gregory Everett,4.5
Myron Kaufman,1.4
Njalia Pitre,2.8
Erik Nesson,3.0
Alice Benston,4.3
Emily Kader,4.8
Gray Dustin,3.0
Beverly Schaffer,2.9
Rick Rambuss,4.0
Charlotte Merchant,5.0
Hasan Palta,4.2
Daniel Adame,3.3
Maggie Hagerman,5.0
Carla Chelko,4.0
Richard Levinson,5.0
Jason Schulman,5.0
Kathryn Kadous,5.0
Oindrila Mukherjee,1.0
Jennifer Svienty,3.0
Patrick Blanchfield,5.0
Mary Brown Bullock,5.0
George Engelhard,4.3
Laurie Gaydos,5.0
Eric Butler,3.9
Frank Pajares,3.8
Catherine Vena,5.0
Laurie Patton,3.0
William Brown,2.5
Claire Wofford,5.0
Kinnari Amin,3.2
John Juricek,3.7
Juan Del Aguila,3.0
Huili Zheng,5.0
Jared Rothstein,4.0
Lori Marino,2.4
Tami Thomas,5.0
Vaughn Schmutz,4.5
Scott Lacy,3.7
Richard Luger,2.1
Ron Schuchard,4.4
Sarah Vitorino,5.0
Ronald Johnson,2.8
Barbara Peck,3.5
Ted Brzinski,5.0
Ivan Rasnik,3.0
Myffy Hopkins,4.8
Shalom Goldman,4.7
Rich Metters,4.3
Phillip Hutto,4.7
Chang Liu,1.0
Nathaniel Vigil,4.8
Jennifer Brady,4.1
George Jones,2.8
Lee Clontz,4.0
Farah Hasin,4.0
Christopher Blake,4.2
Susan Riner,4.9
Sarah Higinbotham,4.9
Donald Beaudette,4.6
Alexandria Orozco,5.0
CC Cannon,5.0
Ken Anderson,4.1
Ting Li,3.0
Maria Davis,4.6
Tien Chih,3.7
Nick Fesette,5.0
Emorja Roberson,2.8
Scott Garner,4.8
Paul Oser,4.6
Brad Hawley,4.2
Mary Johnson,1.0
Natalia Bayona Vasquez,3.9
Russell Cutts,3.6
Daniel Ludwinski,2.7
Brenda Harmon,4.6
Nichole Powell,1.9
Alix Olson,4.7
Jiwon Min,5.0
Cameron Trinh,5.0
Hai Le,4.0
Annette Neuman,3.7
Kelly Murray-Stoker,5.0
Jennifer McGee,4.0
Bamba Ndiaye,4.7
Salmon Shomade,2.7
Susan Ashmore,4.1
Daniel Walter,3.9
David Leinweber,1.7
Jeffrey Auerbach,3.9
Austin Scharf,4.1
Reza Saadein,4.1
Anouar El Younssi,4.4
Christina Lee,2.5
Erica Oduaran,4.0
Jonathan Hulgan,3.2
Nitya Jacob,4.4
Erin Tarver,3.6
Clayton Ristow,5.0
Fang Chen,4.2
Emily McLean,4.8
Adrianne Ivey,4.0
David Gowler,4.1
Caroline Brantley,5.0
Jessica Ham,3.1
Teresa Romano,3.9
Gwendolynne reid,3.7
Michael Rogers,2.8
Tasha Dobbin-Bennet,4.8
Zheng Gu,5.0
Rachel Harmon,5.0
Leyla Eghbalzad,4.8
Eve Mullen,4.1
David Resha,4.4
Devon Goss,5.0
Sheldon Lawrence,3.6
Ellakisha O'Kelley,3.8
Florian Pohl,4.6
Melissa Hage,3.4
Pablo Palomino,3.4
Jenny Burgman,4.7
Guillermo Pernet,4.0
Sharon Lewis,2.8
Simbarashe Nkomo,3.5
Henry Bayerle,4.0
Jack Hardy,4.4
Sean Mo,3.9
Rick Thompson,3.0
Lloyd Parker,3.7
Tulay Dixon,5.0
Chenglin Chai,4.8
Ken Carter,4.3
Mike McQuaide,4.1
Maria Tarazona,4.8
Guibao Yang,4.1
Andrea Fitzroy,4.2
Jasminka Ninkovic,3.0
Zachary Binney,2.6
Eric Solomon,4.6
Marvin McNeill,4.7
Phil Segre,3.1
Alicia Denicola,3.1
Olivia Hendricks,5.0
Effrosyni Seitaridou,4.6
Sarah Fankhauser,4.2
Bill McKinnon,1.4
Gregory Moss-Brown,3.5
Molly McNamara,4.8
Francis Adams,4.4
Heather Black,4.0
Lyn Pace,3.7
Stacy Bell,3.1
Joshua Mousie,4.3
Maria Gonzalez-Davis,4.5
Ariel VanLeuven,2.9
Christine Loflin,3.4
Aaron Schultz,4.5
Michael Martin,4.7
Opal Duncan,3.0
Bridgette Gunnels,4.2
Albert Ikeda,4.0
Salvador Raggio,4.6
Matthew Moyle,4.3
Margaret McGehee,4.9
Gwen Blount,5.0
Alfred Farris,5.0
Adam Stanaland,5.0
Kalyan Chakraborty,3.0
Pamela Watson,1.6
Larkin Ford,5.0
Tavish Dunn,3.1
Tameka Cage Conley,3.0
Subhshri Sahu,1.0
Andrew Neff,4.1
Deric Shannon,4.5
Bree Beal,4.0
Steven Watts,4.8
Aalekhya Malladi,5.0
Patan Tippitak,5.0
Alejandro Abarca,5.0
Karen Rogers,2.5
Maren Jill Adams,4.6
Deandre Miles-Hercules,5.0
Ana Kucelin,3.0
Julia Burns,4.0
Megan Kearney,5.0
Jennifer Mischel,4.9
Bill Shapiro,4.2
Rebekah Spera,4.7
Penny England,3.2
Jaimee Swift,3.5
Usha Rackliffe,3.8
Daniel Nash,2.7
Aleks Novikov,3.6
Faiza Rahman,1.7
Jason Rosenholtz-Witt,4.7
Lauren Neefe,5.0
Annie McEwen,4.4
Elena Antoniadou,3.0
Deepika Das,4.0
Janet Coonce,4.5
Catherine Bagwell,4.6
Heunggi Park,3.5
Miguel Gualdron-Ramirez,5.0
Laura Ramiro Moreno,5.0
Yu Chan Chang,4.6
Pandora White,1.0
Leigh Elion,5.0
LaTonia Taliaferro-Smith,5.0
Mary Rucker,4.8
Begona Claveria,4.5
Bryana Bush,4.3
John Kress,2.2
Katherine Vigilante,3.1
Robert Bailey,2.6
Maria Archetto,2.5
Saikat Chakraborty,4.4
Steve Baker,4.9
Callie Wigington,4.7
Luke Hagemann,3.0
Benjamin Purkis,3.2
Eloise Carter,4.3
Rodger Brunson,5.0
Elaine Liu,3.4
Kristi Helfen,1.7
Louis Fagnan,5.0
Mohammad misagh Javaherian,5.0
Kira Jones,3.3
Nicolas Petit,3.5
Yunfeng Mu,5.0
Xiaobo Wang,4.3
William Wright,5.0
Camille Cottrell,4.8
Andrew Boatright,4.8
Widaad Zaman,3.7
Cassandra Casias,5.0
Jessica Lopes Da Rosa,3.0
Patti Owen-Smith,3.0
Mary Shiraef,4.0
Alexander Brumlik,3.1
Xujue Bao,5.0
Pat Del Rey,4.6
Alexandra Tremblay,4.0
Jeff Galle,4.5
Elizabeth Venell,3.6
Swati Agarwal,4.0
Muhammad Husain,5.0
McKenna Rose,5.0
Zainab Delawalla,3.4
Hojin Kim,4.0
Kevin Quarmby,4.5
Theodosia Wade,3.8
Evelyn Bailey,2.9
Clark Lemons,3.3
Joshua Hall,4.5
Maria Aslam,2.4
Catherine Riner,5.0
Lucas Carpenter,4.4
Yan Liu,4.5
Sarah Cash,4.8
Lisa Ward,2.5
Aaron Jonas Stutz,3.5
Jessica Wahman,3.9
Boris Nikolaev,4.0
Elizabeth Gleim,4.4
Steve Henderson,4.0
James Honeycutt,3.2
Kristen Gordon,4.7
Nicole Varga,4.0
Joseph Johnson,4.7
Brittany Robinson,4.7
Ricardo Conceicao,3.2
Kelly Dennison,2.0
Heather Patrick,4.0
Lane Denicola,4.1
Matthew Wechter,2.9
Frank Maddox,3.0
William Moore,4.3
Delia Nisbet,3.6
Cuiju Tang,3.8
Bill Cody,2.9
Diogo Pinheiro,3.8
Antho Harris,2.9
Brandon B. Feldman,4.5
Mary Moser,0.0
Valerie Singer,3.6
Andrew Hookom,4.3
Jennifer Gaulding,3.7
Amanda Pendleton,3.4
Matthew Keisner,3.9
Apaar Kumar,3.1
Gayle Doherty,3.6
Daniel Barber,3.3
Jennifer Svienty,3.5
Nancy Bowen,2.4
Kent Linville,5.0
Anthony Gonzales,4.7
Jack Eichler,3.4
Jasmin Hutchinson,5.0
Michael Sabatelle,5.0
Gretchen Schulz,2.6
Jianmin Ma,1.9
Kevin Yeomans,4.1
Elizabeth White,4.5
Todd Sherman,4.4
L. James Dooley,5.0
Ozgur Gursoy,3.3
Caroline Burd,4.1
Kelly Del Campo,2.8
